;fecha;total_altas;total_fallecidos;total_uci;total_hospitalizados;total_casos;total_fallecidos_diff;total_altas_diff;total_uci_diff;total_hospitalizados_diff;total_casos_diff;DiasDesde;DiasDesdeInt;total_casos_diff_sma_span_3;total_casos_diff_sma_span_5;total_casos_diff_sma_span_7;total_casos_diff_sma_span_11;total_casos_diff_sma_span_7_weights1;total_casos_diff_sma_span_7_weights2;total_casos_diff_sma_span_7_weights3;total_casos_diff_sma_span_7_weights4;total_casos_diff_sma_span_7_weights1_centered;total_casos_diff_sma_span_7_weights2_centered;total_casos_diff_sma_span_7_weights3_centered;total_casos_diff_sma_span_7_weights4_centered;total_casos_diff_sma_span_7_triang;total_casos_diff_sma_span_7_blackman;total_casos_diff_sma_span_7_hamming;total_casos_diff_sma_span_7_parzen;total_casos_diff_sma_span_7_gaussian;total_casos_diff_sma_span_7_kaiser;total_casos_diff_ewm_com_low;total_casos_diff_ewm_com_med;total_casos_diff_ewm_com_high;total_casos_diff_autoRegression;total_casos_diff_autoRegression_1;total_casos_diff_autoRegression_3;total_casos_diff_autoRegression_5;total_casos_diff_MovAverage;total_casos_diff_ExponentialSmoothing
0;2020-02-21;0,0;0,0;0,0;26,0;3,0;0,0;0,0;0,0;26,0;3,0;0 days 00:00:00.000000000;0;;;;;;;;;;;;;;;;;;;3,0;3,0;3,0;3,0;3,0;3,0;3,0;3,0;3,0
1;2020-02-22;0,0;0,0;1,0;30,0;3,0;0,0;0,0;1,0;4,0;0,0;1 days 00:00:00.000000000;1;;;;;;;;;;;;;;;;;;;0,2500000000000001;0,7499999999999999;0,9642857142857142;0,0;0,0;0,0;0,0;0,0;0,0
2;2020-02-23;0,0;0,0;1,0;33,0;3,0;0,0;0,0;0,0;3,0;0,0;2 days 00:00:00.000000000;2;1,0;;;;;;;;;;;;;;;;;;0,02255639097744362;0,23076923076923075;0,3964110929853181;0,0;0,0;0,0;0,0;0,0;0,0
3;2020-02-24;0,0;0,0;2,0;38,0;3,0;0,0;0,0;1,0;5,0;0,0;3 days 00:00:00.000000000;3;0,0;;;;;;;;3,5714285714285716;1,5714285714285714;3,5483870967741935;1,36;;;;;;;0,0020491803278688543;0,07500000000000001;0,1767129928894635;0,0;0,0;0,0;0,0;0,0;0,0
4;2020-02-25;0,0;0,0;2,0;49,0;4,0;0,0;0,0;0,0;11,0;1,0;4 days 00:00:00.000000000;4;0,3333333333333333;0,8;;;;;;;7,428571428571429;2,0;5,967741935483871;3,16;;;;;;;0,9092828314188139;0,6942148760330579;0,6206077656647566;1,0;1,0;1,0;1,0;1,0;1,0
5;2020-02-26;0,0;0,0;2,0;58,0;10,0;0,0;0,0;0,0;9,0;6,0;5 days 00:00:00.000000000;5;2,3333333333333335;1,4;;;;;;;11,0;3,857142857142857;8,258064516129032;6,4;;;;;;;5,5372101424733;4,236263736263736;3,4842147943735324;6,0;6,0;6,0;6,0;6,0;6,0
6;2020-02-27;0,0;0,0;3,0;63,0;18,0;0,0;0,0;1,0;5,0;8,0;6 days 00:00:00.000000000;6;5,0;3,0;2,5714285714285716;;3,5714285714285716;1,5714285714285714;3,5483870967741935;1,36;18,142857142857142;7,0;13,935483870967742;10,88;1,625;0,55952380952381;1,0572289156626513;0,6315205327413986;2,5714279888964886;0,8056578332302016;7,776110127843087;6,746569075937786;5,873729773912227;8,0;8,0;8,0;8,0;8,0;8,0
7;2020-02-28;0,0;0,0;3,0;73,0;36,0;0,0;0,0;0,0;10,0;18,0;7 days 00:00:00.000000000;7;10,666666666666666;6,6;4,714285714285714;;7,428571428571429;2,0;5,967741935483871;3,16;28,75;12,107142857142858;22,612903225806452;17,72;3,5;2,30952380952381;2,8734939759036147;2,3851276359600444;4,714284952513006;2,5621026872637294;17,070555509526827;14,25;12,272194879595027;18,0;18,0;18,0;18,0;18,0;18,0
8;2020-02-29;0,0;0,0;3,0;78,0;55,0;0,0;0,0;0,0;5,0;19,0;8 days 00:00:00.000000000;8;15,0;10,4;7,428571428571429;;11,0;3,857142857142857;8,258064516129032;6,4;37,892857142857146;18,964285714285715;30,225806451612904;26,2;6,625;5,55952380952381;6,033132530120482;5,632630410654828;7,428570935659652;5,810281254841287;18,824595956155413;17,416827558174983;15,817401335844814;19,0;19,0;19,0;19,0;19,0;19,0
9;2020-03-01;0,0;0,0;4,0;85,0;83,0;0,0;0,0;1,0;7,0;36,0;9 days 00:00:00.000000000;9;24,333333333333332;17,4;12,571428571428571;;18,142857142857142;7,0;13,935483870967742;10,88;49,285714285714285;27,0;38,935483870967744;37,16;11,25;10,206349206349206;10,710843373493978;10,264150943396228;12,571427720035569;10,388395403178054;34,43859963297975;29,805818994716166;26,44586617486563;36,0;36,0;36,0;36,0;36,0;36,0
10;2020-03-02;0,0;0,0;4,0;88,0;138,0;0,0;0,0;0,0;3,0;55,0;10 days 00:00:00.000000000;10;36,666666666666664;27,2;20,428571428571427;13,272727272727273;28,75;12,107142857142858;22,612903225806452;17,72;60,25;37,17857142857143;48,354838709677416;49,16;18,3125;16,05952380952381;16,954819277108435;16,176470588235297;20,42857000584886;16,411384379555415;53,13078178488186;46,602034480033424;41,478407245596685;55,0;55,0;55,0;55,0;55,0;55,0
11;2020-03-03;0,0;0,0;4,0;94,0;195,0;0,0;0,0;0,0;6,0;57,0;11 days 00:00:00.000000000;11;49,333333333333336;37,0;28,428571428571427;18,181818181818183;37,892857142857146;18,964285714285715;30,225806451612904;26,2;93,57142857142857;50,714285714285715;78,74193548387096;63,96;26,6875;24,28968253968254;25,647590361445783;24,51387347391787;28,42857056597579;25,139660485576282;56,64825288953584;53,53402453710673;49,648709159498665;57,0;57,0;57,0;57,0;57,0;57,0
12;2020-03-04;0,0;1,0;6,0;106,0;269,0;1,0;0,0;2,0;12,0;74,0;12 days 00:00:00.000000000;12;62,0;48,2;38,142857142857146;24,90909090909091;49,285714285714285;27,0;38,935483870967744;37,16;134,28571428571428;71,71428571428571;115,25806451612904;87,8;37,375;36,654761904761905;36,984939759036145;36,697003329633745;38,142856649945394;36,790963763873705;72,42256844450371;67,17801673689506;62,465952753054204;74,0;74,0;74,0;74,0;74,0;74,0
13;2020-03-05;0,0;3,0;7,0;118,0;351,0;2,0;0,0;1,0;12,0;82,0;13 days 00:00:00.000000000;13;71,0;60,8;48,714285714285715;32,36363636363637;60,25;37,17857142857143;48,354838709677416;49,16;191,53571428571428;99,03571428571429;161,90322580645162;124,68;49,0625;49,87301587301587;49,22891566265059;49,75138734739179;48,71428570308323;49,367130181659576;81,12932440404582;77,05934097823778;72,74732462296402;82,0;82,0;82,0;82,0;82,0;82,0
14;2020-03-06;0,0;5,0;9,0;134,0;533,0;2,0;0,0;2,0;16,0;182,0;14 days 00:00:00.000000000;14;112,66666666666667;90,0;72,14285714285714;48,90909090909091;93,57142857142857;50,714285714285715;78,74193548387096;63,96;263,9642857142857;135,17857142857142;213,1290322580645;182,76;65,75;60,9563492063492;62,94879518072288;61,14539400665929;72,14285277386675;61,42767702261392;172,82993858218597;147,0197852017429;130,24951257856824;182,0;182,0;182,0;182,0;182,0;182,0
15;2020-03-07;0,0;8,0;9,0;142,0;768,0;3,0;0,0;0,0;8,0;235,0;15 days 00:00:00.000000000;15;166,33333333333334;126,0;103,0;70,18181818181819;134,28571428571428;71,71428571428571;115,25806451612904;87,8;405,82142857142856;196,17857142857142;330,61290322580646;264,28;91,125;76,34126984126983;83,18674698795179;77,3795782463929;102,99999280796916;79,93885431470567;229,34817623474416;205,6732630964682;185,38170224658546;159,7305255915468;279,20826647216137;159,7305255915468;327,5765513010764;243,41561338923893;182,0
16;2020-03-08;0,0;18,0;10,0;150,0;1100,0;10,0;0,0;1,0;8,0;332,0;16 days 00:00:00.000000000;16;249,66666666666666;181,0;145,28571428571428;99,81818181818181;191,53571428571428;99,03571428571429;161,90322580645162;124,68;574,8214285714286;285,17857142857144;467,741935483871;383,2;129,1875;111,60317460317461;120,66265060240964;112,93673695893455;145,28570488678318;116,36429202715925;322,66801602134035;289,8910883509655;262,5494622065874;358,9715360327252;325,2987576598559;358,9715360327252;363,9280967295791;264,330907001935;235,0
17;2020-03-09;24,0;29,0;94,0;197,0;1535,0;11,0;24,0;84,0;47,0;435,0;17 days 00:00:00.000000000;17;334,0;253,2;199,57142857142858;138,63636363636363;263,9642857142857;135,17857142857142;213,1290322580645;182,76;755,8214285714286;410,4642857142857;617,5483870967741;540,48;186,4375;172,41666666666666;178,10542168674698;173,1687014428413;199,5714198222449;174,72242308705776;424,78800145648546;386,6303630333561;353,3130339818714;489,3971136321411;464,37141230695806;489,3971136321411;334,9077060086976;404,43825758586325;332,0
18;2020-03-10;138,0;36,0;159,0;244,0;2302,0;7,0;114,0;65,0;47,0;767,0;18 days 00:00:00.000000000;18;511,3333333333333;390,2;301,0;206,72727272727272;405,82142857142856;196,17857142857142;330,61290322580646;264,28;990,5357142857143;558,6071428571429;797,8064516129032;745,76;272,3125;248,42460317460316;258,5331325301205;249,53052164261933;300,99998069802433;251,54329383997208;735,889818314226;640,2101212292965;571,043164761354;606,9460926147718;589,0816061112176;606,9460926147718;567,970415456517;521,2440937613301;435,0
19;2020-03-11;188,0;48,0;246,0;1114,0;3279,0;12,0;50,0;87,0;870,0;977,0;19 days 00:00:00.000000000;19;726,3333333333334;549,2;430,0;293,8181818181818;574,8214285714286;285,17857142857144;467,741935483871;383,2;1219,642857142857;745,5;989,8709677419355;973,52;393,4375;348,20238095238096;369,5210843373494;351,4428412874584;429,99997807662874;359,51548100725034;955,0808925740205;864,7367071408258;784,70472609644;1008,6565876102114;1184,0442645391483;1008,6565876102114;1059,2917351191727;1074,5112101848317;767,0
20;2020-03-12;202,0;85,0;325,0;1589,0;4433,0;37,0;14,0;79,0;475,0;1154,0;20 days 00:00:00.000000000;20;966,0;733,0;583,1428571428571;395,45454545454544;755,8214285714286;410,4642857142857;617,5483870967741;540,48;1509,0;972,7142857142857;1256,967741935484;1220,88;549,8125;509,89285714285717;531,2740963855422;513,2097669256383;583,1428387370835;522,0732713945779;1135,9164447794565;1057,5789023987109;979,0706895073282;1540,4515998747393;1352,5568112039105;1540,4515998747393;1471,3789677125887;1146,2985181132017;977,0
21;2020-03-13;212,0;124,0;422,0;2280,0;5955,0;39,0;10,0;97,0;691,0;1522,0;21 days 00:00:00.000000000;21;1217,6666666666667;971,0;774,5714285714286;528,8181818181819;990,5357142857143;558,6071428571429;797,8064516129032;745,76;1624,2857142857142;1219,4285714285713;1384,6774193548388;1467,96;752,0625;734,0238095238095;739,5963855421687;734,4228634850168;774,5714119804676;734,2928941514657;1486,9014949799505;1367,1929674761034;1264,8229789246711;2004,8711662993674;1482,8624479225657;2004,8711662993674;1639,9104964086318;1298,2251455344158;1154,0
22;2020-03-14;555,0;144,0;525,0;2897,0;7646,0;20,0;343,0;103,0;617,0;1691,0;22 days 00:00:00.000000000;22;1455,6666666666667;1222,2;982,5714285714286;677,3636363636364;1219,642857142857;745,5;989,8709677419355;973,52;1899,5714285714287;1445,857142857143;1659,9032258064517;1688,6;975,5;968,9047619047617;971,289156626506;969,165371809101;982,5714235975009;969,5473024543372;1672,4455904527229;1583,0643224943276;1489,1266819379546;2073,099138427465;1976,6727064540867;2073,099138427465;2610,462205627504;1855,8091629218256;1522,0
23;2020-03-15;567,0;296,0;697,0;3740,0;9786,0;152,0;12,0;172,0;843,0;2140,0;23 days 00:00:00.000000000;23;1784,3333333333333;1496,8;1240,857142857143;865,1818181818181;1509,0;972,7142857142857;1256,967741935484;1220,88;2405,3928571428573;1716,892857142857;2144,967741935484;1957,2;1225,25;1209,4880952380952;1218,7379518072287;1210,8557158712545;1240,8571343208075;1214,5871932728546;2097,4950536775204;1954,3547741660902;1831,691591759113;2094,2230859594174;2064,851972209071;2094,2230859594174;800,2518871664047;1822,9108103223928;1691,0
24;2020-03-16;586,0;318,0;867,0;4764,0;11488,0;22,0;19,0;170,0;1024,0;1702,0;24 days 00:00:00.000000000;24;1844,3333333333333;1641,8;1421,857142857143;1012,4545454545455;1624,2857142857142;1219,4285714285713;1384,6774193548388;1467,96;2899,3571428571427;2046,642857142857;2630,2903225806454;2277,96;1457,875;1476,015873015873;1468,8072289156623;1475,8457269700334;1421,857168376527;1476,7880412000075;1737,9540957888655;1786,1182580551647;1763,4328587278376;2546,4804415277003;2645,2670749327744;2546,4804415277003;2664,398078947125;2528,3832599519283;2140,0
25;2020-03-17;913,0;497,0;1081,0;5799,0;14011,0;179,0;327,0;214,0;1035,0;2523,0;25 days 00:00:00.000000000;25;2121,6666666666665;1915,6;1672,7142857142858;1225,2727272727273;1899,5714285714287;1445,857142857143;1659,9032258064517;1688,6;3419,8571428571427;2392,714285714286;3010,451612903226;2777,12;1685,125;1733,865079365079;1709,668674698795;1729,0377358490568;1672,7142885149237;1715,404398616818;2451,6321905262603;2277,372752685248;2163,205039805341;2048,866418654166;1840,351980317924;2048,866418654166;2199,338013720274;1581,6994713027123;1702,0
26;2020-03-18;971,0;591,0;1339,0;7183,0;17707,0;94,0;58,0;258,0;1384,0;3696,0;26 days 00:00:00.000000000;26;2640,3333333333335;2350,4;2061,1428571428573;1539,909090909091;2405,3928571428573;1716,892857142857;2144,967741935484;1957,2;4059,785714285714;2831,3571428571427;3480,7419354838707;3401,96;1979,9375;1906,1269841269839;1926,0722891566263;1907,645948945616;2061,142795405661;1906,6290880476768;3582,875653684205;3223,124250895207;2969,9392307776243;928,726093708754;2912,045488980229;928,726093708754;595,7984608064025;2335,589198839934;2458,2898355819043
27;2020-03-19;1210,0;766,0;1631,0;8965,0;21744,0;175,0;239,0;292,0;1782,0;4037,0;27 days 00:00:00.000000000;27;3418,6666666666665;2819,6;2473,0;1876,7272727272727;2899,3571428571427;2046,642857142857;2630,2903225806454;2277,96;4415,392857142857;3255,1785714285716;3700,8064516129034;4002,04;2320,625;2119,047619047619;2231,084337349397;2137,2375138734737;2472,9999216046203;2187,382191959809;3995,7159685167458;3765,708083631759;3531,550162407685;3669,8381407631437;4593,72971053274;3669,8381407631437;4300,380740367912;4276,849278276139;3696,0
28;2020-03-20;1542,0;995,0;1993,0;11252,0;26299,0;229,0;332,0;362,0;2287,0;4555,0;28 days 00:00:00.000000000;28;4096,0;3302,6;2906,285714285714;2251,2727272727275;3419,8571428571427;2392,714285714286;3010,451612903226;2777,12;4614,071428571428;3893,0714285714284;4063,064516129032;4489,8;2805,375;2669,3452380952385;2739,1596385542166;2680,5693673695896;2906,2856589003536;2710,412929310144;4504,1559971378865;4291,902694543927;4070,207971875964;4688,588466359401;4786,561908857854;4688,588466359401;3646,801430984459;4173,739682075486;4037,0
29;2020-03-21;2133,0;1349,0;2442,0;14341,0;31765,0;354,0;591,0;449,0;3089,0;5466,0;29 days 00:00:00.000000000;29;4686,0;4055,4;3445,5714285714284;2678,4545454545455;4059,785714285714;2831,3571428571427;3480,7419354838707;3401,96;5480,178571428572;4511,25;5063,4838709677415;4911,68;3411,5;3429,4484126984125;3402,2138554216867;3422,528301886793;3445,571388623177;3398,190775527261;5378,559636103444;5074,634231514646;4804,835355234265;5858,045397179447;5319,259468205985;5858,045397179447;5711,1245419618235;4784,447330295806;4555,0
30;2020-03-22;2674,0;1715,0;2730,0;17354,0;36633,0;366,0;541,0;288,0;3013,0;4868,0;30 days 00:00:00.000000000;30;4963,0;4524,4;3835,285714285714;3032,181818181818;4415,392857142857;3255,1785714285716;3700,8064516129034;4002,04;6365,75;5009,107142857143;5953,096774193548;5358,0;3965,5625;4076,8650793650795;4033,873493975904;4072,3751387347393;3835,28580447736;4065,5279602252704;4914,41451237304;4936,878077171547;4838,079905113865;6605,472480706578;6433,154662266514;6605,472480706578;6771,818090014261;5962,744201910329;5466,0
31;2020-03-23;3117,0;2146,0;3049,0;20640,0;41263,0;431,0;443,0;319,0;3286,0;4630,0;31 days 00:00:00.000000000;31;4988,0;4711,2;4253,571428571428;3348,181818181818;4614,071428571428;3893,0714285714284;4063,064516129032;4489,8;7187,142857142857;5598,0;6680,774193548387;6035,2;4438,125;4625,083333333332;4548,009036144577;4615,2008879023315;4253,571551396076;4594,9887605869835;4655,855864761185;4732,292692390516;4728,564165575731;5748,280333742419;5324,5536826749585;5748,280333742419;5830,534228227223;4685,075465004607;4868,0
32;2020-03-24;3698,0;2711,0;3567,0;24671,0;48981,0;565,0;581,0;518,0;4031,0;7718,0;32 days 00:00:00.000000000;32;5738,666666666667;5447,4;4995,714285714285;3911,4545454545455;5480,178571428572;4511,25;5063,4838709677415;4911,68;7883,25;6222,464285714285;7062,193548387097;7041,28;4930,0625;4971,9047619047615;4916,144578313252;4957,839067702553;4995,714208002278;4908,874525901066;7439,623260432834;6722,764230796839;6301,95144688242;5105,535024092865;4940,5613472492;5105,535024092865;5059,87044866227;4555,414572293367;4630,0
33;2020-03-25;5054,0;3307,0;4161,0;28847,0;57519,0;596,0;1356,0;594,0;4176,0;8538,0;33 days 00:00:00.000000000;33;6962,0;6244,0;5687,428571428572;4533,909090909091;6365,75;5009,107142857143;5953,096774193548;5358,0;8182,035714285715;6718,535714285715;7079,290322580645;7910,32;5430,0625;5088,876984126984;5256,792168674698;5115,4539400665935;5687,428424507254;5184,353216493779;8438,147569130257;7932,921410265612;7478,819106428888;9270,110076888;8906,217427823092;9270,110076888;9552,323124672552;8161,507717519985;7718,0
34;2020-03-26;6326,0;3920,0;4534,0;33731,0;66492,0;613,0;1272,0;373,0;4884,0;8973,0;34 days 00:00:00.000000000;34;8409,666666666666;6945,4;6392,571428571428;5155,090909090909;7187,142857142857;5598,0;6680,774193548387;6035,2;7929,464285714285;7420,25;7078,645161290323;8414,16;6113,375;5706,230158730159;5947,198795180722;5746,9922308546065;6392,571301288157;5863,39129665401;8924,377051739115;8626,307136755204;8265,230103048712;7257,925317904054;9735,572269135475;7257,925317904054;7730,846094985489;8722,375542293381;8538,0
35;2020-03-27;8491,0;4673,0;5110,0;39397,0;75669,0;753,0;2165,0;576,0;5666,0;9177,0;35 days 00:00:00.000000000;35;8896,0;7807,2;7052,857142857143;5834,636363636364;7883,25;6222,464285714285;7062,193548387097;7041,28;7460,0;8223,142857142857;7430,1612903225805;8351,72;7043,8125;7068,7182539682535;7023,948795180722;7059,309655937846;7052,857111053138;7026,08750965836;9154,034277430828;8993,435712251734;8745,108996181965;10814,148855416546;10023,297124635908;10814,148855416546;12282,109863173522;9076,810016165702;8973,0
36;2020-03-28;10896,0;5513,0;5457,0;45310,0;83917,0;840,0;2405,0;347,0;5913,0;8248,0;36 days 00:00:00.000000000;36;8799,333333333334;8530,8;7450,285714285715;6355,090909090909;8182,035714285715;6718,535714285715;7079,290322580645;7910,32;7539,107142857143;8269,75;7929,709677419355;7873,08;7809,6875;8273,11111111111;8048,0481927710825;8237,998890122088;7450,285923157079;8148,10897993306;8330,366752493712;8496,478570750578;8483,472682401725;10808,969398928668;10058,131306394007;10808,969398928668;10276,114825465265;9226,288820111675;9177,0
37;2020-03-29;13336,0;6223,0;5822,0;50215,0;90357,0;710,0;2440,0;365,0;4905,0;6440,0;37 days 00:00:00.000000000;37;7955,0;8275,2;7674,857142857143;6604,545454545455;7929,464285714285;7420,25;7078,645161290323;8414,16;7419,25;8071,607142857143;8065,677419354839;7348,32;8252,4375;8813,107142857141;8568,858433734938;8781,895671476139;7674,857520237101;8715,189962494676;6611,851522953974;7125,49285691686;7407,960744295052;9024,688015829284;8732,189223379706;9024,688015829284;10875,285932457782;8035,838395194891;8248,0
38;2020-03-30;14807,0;6923,0;6065,0;54652,0;96154,0;700,0;1471,0;243,0;4437,0;5797,0;38 days 00:00:00.000000000;38;6828,333333333333;7727,0;7841,571428571428;6764,545454545455;7460,0;8223,142857142857;7430,1612903225805;8351,72;7378,142857142857;7715,0;7911,677419354839;7093,84;8240,125;8719,591269841269;8482,394578313251;8683,502774694782;7841,571661539456;8591,278309606103;5871,077411177634;6239,83095230562;6560,0866683501;6026,429629058804;6580,82762076325;6026,429629058804;6090,6237156178395;5861,716730421132;6440,0
39;2020-03-31;16882,0;7744,0;6370,0;58068,0;104312,0;821,0;2075,0;305,0;3416,0;8158,0;39 days 00:00:00.000000000;39;6798,333333333333;7564,0;7904,428571428572;7092,090909090909;7539,107142857143;8269,75;7929,709677419355;7873,08;7314,5;7240,071428571428;7313,193548387097;7232,76;7879,9375;7939,210317460315;7887,792168674698;7927,443951165373;7904,428530684942;7888,694374303941;7950,097946470693;7518,6103174352065;7401,09368500803;5796,657612214875;5871,0149237933365;5796,657612214875;5737,266782219991;5587,39902301651;5797,0
40;2020-04-01;20023,0;8674,0;6730,0;62095,0;111737,0;930,0;3141,0;360,0;4027,0;7425,0;40 days 00:00:00.000000000;40;7126,666666666667;7213,6;7745,428571428572;7270,181818181818;7419,25;8071,607142857143;8065,677419354839;7348,32;7169,428571428572;6942,0;6840,193548387097;7322,96;7435,1875;6961,071428571427;7210,945783132529;7003,153163152054;7745,428413528756;7118,199694532441;7472,736176951882;7456,203439145069;7413,675956056436;9550,124767363199;8445,99723096866;9550,124767363199;10792,462393904992;8728,84503480734;8158,0
41;2020-04-02;23509,0;9546,0;7000,0;66555,0;119318,0;872,0;3486,0;270,0;4460,0;7581,0;41 days 00:00:00.000000000;41;7721,333333333333;7080,2;7546,571428571428;7516,818181818182;7378,142857142857;7715,0;7911,677419354839;7093,84;6793,5;7064,214285714285;6627,419354838709;7302,64;7192,875;6758,4246031746015;6999,015060240962;6796,429522752496;7546,5712402791305;6900,079761748183;7571,157834268353;7539,40114638169;7501,741242342525;6913,821915667662;7592,682851355152;6913,821915667662;6878,765924752861;7336,551767670219;7425,0
42;2020-04-03;26540,0;10394,0;7295,0;70305,0;126610,0;848,0;3031,0;295,0;3750,0;7292,0;42 days 00:00:00.000000000;42;7432,666666666667;7250,6;7277,285714285715;7758,818181818182;7314,5;7240,071428571428;7313,193548387097;7232,76;5979,785714285715;7271,357142857143;6381,774193548387;6927,88;7242,5;7266,107142857141;7207,424698795178;7252,956714761378;7277,2856537696025;7205,54097948688;7317,377984933487;7374,4670487938965;7391,351114793826;7981,585534189212;7751,279675636106;7981,585534189212;8966,587327161653;7598,753107655843;7581,0
43;2020-04-04;30173,0;11171,0;7550,0;74075,0;133307,0;777,0;3633,0;255,0;3770,0;6697,0;43 days 00:00:00.000000000;43;7190,0;7430,6;7055,714285714285;7666,0;7169,428571428572;6942,0;6840,193548387097;7322,96;5639,892857142857;6784,964285714285;6140,032258064516;6302,2;7264,5;7556,4047619047615;7425,475903614458;7535,684794672587;7055,71441154122;7484,4480449034245;6753,397998630317;6922,8223495979655;7025,903159639179;7399,4859206056935;7422,7069200449105;7399,4859206056935;6969,879794964636;7259,63769277854;7292,0
44;2020-04-05;33701,0;11841,0;7854,0;76967,0;138859,0;670,0;3528,0;304,0;2892,0;5552,0;44 days 00:00:00.000000000;44;6513,666666666667;6909,4;6928,857142857143;7394,545454545455;6793,5;7064,214285714285;6627,419354838709;7302,64;5487,285714285715;6416,714285714285;6185,032258064516;5663,04;7220,875;7453,912698412697;7357,246987951806;7443,997780244174;6928,857341478169;7427,617467077121;5661,217999875483;6008,940783199322;6250,164654565925;6773,505069940791;6773,857085584204;6773,505069940791;6979,9410359408985;6626,6518604747425;6697,0
45;2020-04-06;35723,0;12469,0;7977,0;79326,0;142533,0;628,0;2022,0;123,0;2359,0;3674,0;45 days 00:00:00.000000000;45;5307,666666666667;6159,2;6625,571428571428;6912,818181818182;5979,785714285715;7271,357142857143;6381,774193548387;6927,88;5449,035714285715;5945,821428571428;6105,1612903225805;5191,84;6861,75;7132,599206349206;7004,665662650602;7113,842397336293;6625,571572434449;7067,871918299144;3854,656181806862;4452,313594399774;4894,288520583858;5462,3732376593225;5563,2259815122015;5462,3732376593225;5405,043444606203;5388,920571523226;5552,0
46;2020-04-07;38626,0;13224,0;8180,0;81223,0;147799,0;755,0;2903,0;203,0;1897,0;5266,0;46 days 00:00:00.000000000;46;4830,666666666667;5696,2;6212,428571428572;6557,272727272727;5639,892857142857;6784,964285714285;6140,032258064516;6302,2;5179,678571428572;5451,75;5453,806451612903;5144,48;6282,5625;6449,1547619047615;6352,77409638554;6431,115427302997;6212,428592321317;6378,542229406451;5137,696016527897;4994,771198133258;5089,926141329196;3258,7777103803382;3638,43486872562;3258,7777103803382;3161,210919184826;3273,795606189672;3674,0
47;2020-04-08;43091,0;13981,0;8392,0;83224,0;153401,0;757,0;4465,0;212,0;2001,0;5602,0;47 days 00:00:00.000000000;47;4847,333333333333;5358,2;5952,0;6316,727272727273;5487,285714285715;6416,714285714285;6185,032258064516;5663,04;5091,25;5044,464285714285;4963,387096774193;5197,4;5726,25;5443,7579365079355;5567,858433734939;5462,338512763596;5951,999858915208;5506,458072889287;5559,7905469570815;5399,590399377753;5359,438698524356;5757,042550246568;5249,633885177304;5757,042550246568;5846,68103711005;5414,62583230225;5266,0
48;2020-04-09;47116,0;14760,0;8653,0;86042,0;159200,0;779,0;4025,0;261,0;2818,0;5799,0;48 days 00:00:00.000000000;48;5555,666666666667;5178,6;5697,428571428572;6258,454545454545;5449,035714285715;5945,821428571428;6105,1612903225805;5191,84;4839,535714285715;4870,178571428572;4572,580645161291;5204,88;5302,4375;4796,908730158731;5079,46686746988;4842,312985571588;5697,428366366067;4967,321748913077;5777,253686087007;5665,863466459251;5590,786751932589;5404,129001217998;5595,676818016841;5404,129001217998;5331,79352567153;5636,3152417256715;5602,0
49;2020-04-10;50860,0;15407,0;8800,0;88824,0;163820,0;647,0;3744,0;147,0;2782,0;4620,0;49 days 00:00:00.000000000;49;5340,333333333333;4992,2;5315,714285714285;6151,454545454545;5179,678571428572;5451,75;5453,806451612903;5144,48;4415,821428571428;5147,035714285715;4651,612903225807;4942,4;5181,9375;4994,249999999999;5070,08734939759;5005,96448390677;5315,714199533142;5032,8072209260245;4725,204880553364;4968,621155486417;5079,846356178596;5782,625758194789;5799,271361549243;5782,625758194789;6179,986087498776;5819,440338797238;5799,0
50;2020-04-11;54118,0;15905,0;8915,0;90806,0;168782,0;498,0;3258,0;115,0;1982,0;4962,0;50 days 00:00:00.000000000;50;5127,0;5249,8;5067,857142857143;5860,909090909091;5091,25;5044,464285714285;4963,387096774193;5197,4;4056,464285714286;4957,25;4465,225806451613;4558,48;5169,0625;5417,1309523809505;5281,418674698793;5391,659267480577;5067,85717683446;5318,662772223834;4940,473170959396;4964,207051828806;5017,821958189862;4427,193808139865;4588,702753019635;4427,193808139865;4379,423656807435;4505,815877847613;4620,0
51;2020-04-12;57026,0;16515,0;9010,0;92844,0;172843,0;610,0;2908,0;95,0;2038,0;4061,0;51 days 00:00:00.000000000;51;4547,666666666667;5008,8;4854,857142857143;5555,090909090909;4839,535714285715;4870,178571428572;4572,580645161291;5204,88;4108,5;4651,785714285715;4575,645161290323;4137,72;5128,3125;5384,325396825396;5258,861445783133;5367,752497225306;4854,857312990115;5328,44191666839;4140,9521064508535;4362,069017276269;4514,231453879409;5134,486653918592;4936,743734479286;5134,486653918592;5132,451121413419;4989,921954677473;4962,0
52;2020-04-13;59165,0;17064,0;9135,0;94849,0;176003,0;549,0;2139,0;125,0;2005,0;3160,0;52 days 00:00:00.000000000;52;4061,0;4520,4;4781,428571428572;5153,181818181818;4415,821428571428;5147,035714285715;4651,612903225807;4942,4;4112,964285714285;4247,035714285715;4415,677419354839;3887,76;4907,1875;5022,0714285714275;4992,644578313253;5019,99667036626;4781,428668140096;5022,680430213408;3249,1774642228047;3560,6896724254234;3801,478057100773;3913,781477777044;4023,499729791757;3913,781477777044;3937,775244863668;3995,512641339506;4061,0
53;2020-04-14;61924,0;17600,0;9248,0;96067,0;179347,0;536,0;2759,0;113,0;1218,0;3344,0;53 days 00:00:00.000000000;53;3521,6666666666665;4029,4;4506,857142857143;4794,272727272727;4056,464285714286;4957,25;4465,225806451613;4558,48;4252,964285714285;4141,321428571428;4425,096774193548;3914,48;4547,1875;4601,468253968253;4560,042168674698;4594,347391786903;4506,857155863294;4572,4171603037;3335,3797694748005;3416,2298908084745;3560,700132310893;3106,664008479759;3120,415242419481;3106,664008479759;3124,6321442580715;3075,8154917172656;3160,0
54;2020-04-15;65679,0;18282,0;9437,0;98109,0;184062,0;682,0;3755,0;189,0;2042,0;4715,0;54 days 00:00:00.000000000;54;3739,6666666666665;4048,4;4380,142857142857;4614,090909090909;4108,5;4651,785714285715;4575,645161290323;4137,72;4443,678571428572;3950,035714285714;4212,5161290322585;4177,44;4190,75;4052,849206349206;4103,885542168674;4056,8401775804664;4380,142723160486;4059,497629473751;4589,579979043164;4282,076630269491;4168,226378463055;3415,9666092783314;3304,308082536283;3415,9666092783314;3396,1955282306308;3359,9950910969874;3344,0
55;2020-04-16;69461,0;18901,0;9599,0;99715,0;188460,0;619,0;3782,0;162,0;1606,0;4398,0;55 days 00:00:00.000000000;55;4152,333333333333;3935,6;4180,0;4509,181818181818;4112,964285714285;4247,035714285715;4415,677419354839;3887,76;4684,714285714285;4023,285714285714;4275,1612903225805;4451,76;3951,6875;3604,4285714285706;3790,1084337349394;3635,725860155383;4179,999885341993;3721,7975269766325;4415,416361731196;4359,358876756497;4289,1598634825;4810,797136590919;4679,512217157095;4810,797136590919;4835,540673073606;4843,364000211865;4715,0
56;2020-04-17;72952,0;19490,0;9708,0;101596,0;193200,0;589,0;3491,0;109,0;1881,0;4740,0;56 days 00:00:00.000000000;56;4617,666666666667;4071,4;4197,142857142857;4606,090909090909;4252,964285714285;4141,321428571428;4425,096774193548;3914,48;4500,214285714285;4338,071428571428;4223,032258064516;4662,32;3976,3125;3732,1111111111113;3857,289156626506;3750,618201997781;4197,142728212823;3798,1567557490794;4710,492396521017;4613,119625585499;4526,444145860131;4144,830146327593;4359,631560341418;4144,830146327593;4145,457024897508;4373,27995158309;4398,0
57;2020-04-18;76169,0;20046,0;9844,0;103627,0;198160,0;556,0;3217,0;136,0;2031,0;4960,0;57 days 00:00:00.000000000;57;4699,333333333333;4431,4;4196,857142857143;4578,272727272727;4443,678571428572;3950,035714285714;4212,5161290322585;4177,44;4312,178571428572;4618,392857142857;4303,451612903225;4665,96;4181,6875;4214,071428571428;4170,789156626506;4204,609322974473;4196,85710903668;4171,940921871476;4937,31749059282;4844,3732085285;4754,631437512693;4778,595039424525;4705,678965736736;4778,595039424525;4769,008983912045;4765,655193295718;4740,0
58;2020-04-19;78893,0;20454,0;9946,0;104819,0;203321,0;408,0;2724,0;102,0;1192,0;5161,0;58 days 00:00:00.000000000;58;4953,666666666667;4794,8;4354,0;4538,181818181818;4684,714285714285;4023,285714285714;4275,1612903225805;4451,76;4147,107142857143;4523,464285714285;4204,677419354839;4497,24;4430,375;4537,369047619047;4493,454819277108;4530,562708102108;4354,000048753456;4514,7733188437;5140,665226417529;5055,457736176167;4968,509628295486;4913,0493081925415;4929,284248496879;4913,0493081925415;4894,264540374036;4976,877997207491;4960,0
59;2020-04-20;80587,0;20851,0;10003,0;105682,0;206937,0;397,0;1694,0;57,0;863,0;3616,0;59 days 00:00:00.000000000;59;4579,0;4575,0;4419,142857142857;4339,727272727273;4500,214285714285;4338,071428571428;4223,032258064516;4662,32;4257,785714285715;4521,357142857143;4533,903225806452;4210,6;4609,125;4729,92857142857;4687,9578313253005;4727,944506104329;4419,1429941947235;4731,234627259137;3754,6059296743206;4095,819245392055;4256,662455508388;5131,241920614795;5134,08838983398;5131,241920614795;5132,48631831081;5176,629355168611;5161,0
60;2020-04-21;82514,0;21283,0;10083,0;106704,0;210604,0;432,0;1927,0;80,0;1022,0;3667,0;60 days 00:00:00.000000000;60;4148,0;4428,8;4465,285714285715;4253,090909090909;4312,178571428572;4618,392857142857;4303,451612903225;4665,96;4042,1428571428573;4390,428571428572;4355,935483870968;4043,12;4622,0625;4856,9246031746015;4740,563253012047;4837,65038845727;4465,285799794708;4786,606557140691;3674,964175424938;3809,939748464018;3946,3137947145;3415,869073445225;3573,564532332201;3415,869073445225;3420,0555938313973;3508,226154770717;3616,0
61;2020-04-22;85915,0;21717,0;10134,0;107811,0;214409,0;434,0;3401,0;51,0;1107,0;3805,0;61 days 00:00:00.000000000;61;3696,0;4241,8;4335,285714285715;4147,909090909091;4147,107142857143;4523,464285714285;4204,677419354839;4497,24;3960,3214285714284;4166,25;4135,645161290323;3973,56;4461,8125;4625,710317460316;4526,183734939758;4609,384017758047;4335,285774297725;4562,771658838718;3793,178561402267;3806,646582821339;3871,938113285816;3818,786478307835;3624,9861101346046;3818,786478307835;3814,4432407430654;3670,2578441339974;3667,0
62;2020-04-23;89250,0;22156,0;10187,0;108932,0;219187,0;439,0;3335,0;53,0;1121,0;4778,0;62 days 00:00:00.000000000;62;4083,3333333333335;4205,4;4389,571428571428;4213,090909090909;4257,785714285715;4521,357142857143;4533,903225806452;4210,6;3645,25;3807,6071428571427;3531,8387096774195;3967,72;4249,75;4094,0833333333326;4184,382530120481;4107,966703662597;4389,571354164156;4146,177820347382;4688,470778309296;4454,215527607113;4348,812790503808;3772,5449657488048;3763,4503921604473;3772,5449657488048;3797,7787392726964;3813,8389290349314;3805,0
63;2020-04-24;92355,0;22521,0;10325,0;110061,0;222714,0;365,0;3105,0;138,0;1129,0;3527,0;63 days 00:00:00.000000000;63;4036,6666666666665;3878,6;4216,285714285715;4246,454545454545;4042,1428571428573;4390,428571428572;4355,935483870968;4043,12;3359,6428571428573;3798,3571428571427;3429,8387096774195;3763,96;4081,0;3823,1349206349205;3958,1987951807223;3847,2186459489462;4216,285652626923;3914,16449144201;3632,5882525735724;3836,0718425357045;3916,279742870225;4807,381325006793;4740,670749001072;4807,381325006793;4772,079681977121;4843,422788987012;4778,0
64;2020-04-25;95708,0;22898,0;10357,0;110937,0;226603,0;377,0;3353,0;32,0;876,0;3889,0;64 days 00:00:00.000000000;64;4064,6666666666665;3933,2;4063,285714285714;4296,0;3960,3214285714284;4166,25;4135,645161290323;3973,56;3213,3928571428573;3752,3214285714284;3460,7096774193546;3510,32;3993,1875;3989,6587301587297;3989,7530120481924;3986,8723640399558;4063,2856616897952;3976,302285974027;3865,689841143052;3871,357280845235;3901,9219834648434;3305,7078423005787;3483,2801050880826;3305,7078423005787;3315,5545605512884;3480,458877314861;3527,0
65;2020-04-26;98731,0;23184,0;10389,0;112690,0;229406,0;286,0;3023,0;32,0;1753,0;2803,0;65 days 00:00:00.000000000;65;3406,3333333333335;3760,4;3726,4285714285716;4122,181818181818;3645,25;3807,6071428571427;3531,8387096774195;3967,72;3210,6785714285716;3659,8928571428573;3631,516129032258;3191,96;3914,9375;4118,825396825397;3999,8554216867465;4100,723640399557;3726,428672397066;4050,961740100776;2899,6081673766407;3159,1190936150783;3323,5419921675575;3998,51695266536;3845,1482271779746;3998,51695266536;3931,040617806208;3898,284415827372;3889,0
66;2020-04-27;100875,0;23516,0;10562,0;113149,0;231990,0;332,0;2144,0;173,0;459,0;2584,0;66 days 00:00:00.000000000;66;3092,0;3516,2;3579,0;3957,2727272727275;3359,6428571428573;3798,3571428571427;3429,8387096774195;3763,96;3151,1071428571427;3267,75;3349,935483870968;3035,2;3723,5;3907,2420634920636;3840,1054216867456;3897,7092119866816;3579,0000991872903;3878,7057002513507;2612,6916515796943;2775,706364538359;2934,3093647109486;2710,2284826767773;2762,606858427661;2710,2284826767773;2901,361208209196;2784,8525436378122;2803,0
67;2020-04-28;102548,0;23813,0;10638,0;113910,0;234984,0;297,0;1673,0;76,0;761,0;2994,0;67 days 00:00:00.000000000;67;2793,6666666666665;3159,4;3482,8571428571427;3798,5454545454545;3213,3928571428573;3752,3214285714284;3460,7096774193546;3510,32;3147,5;3176,5;3250,0;3052,88;3504,3125;3505,5396825396815;3490,7349397590356;3503,510543840178;3482,8571490297413;3495,828697775211;2959,3356046890626;2921,2354548461194;2965,7254885472917;2617,1528210127867;2545,768240953192;2617,1528210127867;2498,1121684837876;2579,2917766483533;2584,0
68;2020-04-29;108947,0;24272,0;10688,0;114994,0;238456,0;459,0;6399,0;50,0;1084,0;3472,0;68 days 00:00:00.000000000;68;3016,6666666666665;3148,4;3435,285714285714;3663,2727272727275;3210,6785714285716;3659,8928571428573;3631,516129032258;3191,96;3024,0;2951,1428571428573;2878,6129032258063;3122,68;3245,1875;3066,9523809523803;3153,2289156626503;3078,2930077691453;3435,285595325944;3104,910925832798;3425,3941458808235;3288,41181828204;3232,185757732928;2984,7738130315556;2952,354456836529;2984,7738130315556;3082,564042688901;3002,0002464919835;2994,0
69;2020-04-30;112050,0;24537,0;10745,0;115787,0;241653,0;265,0;3103,0;57,0;793,0;3197,0;69 days 00:00:00.000000000;69;3221,0;3010,0;3209,4285714285716;3484,7272727272725;3151,1071428571427;3267,75;3349,935483870968;3035,2;2660,6071428571427;2951,964285714286;2591,4193548387098;3072,72;3073,3125;2854,3809523809523;2972,1445783132526;2874,5671476137627;3209,428505411996;2930,5178289371347;3217,763104170984;3227,4706060940134;3213,6669378734923;3413,110936091953;3427,809220363696;3413,110936091953;3377,8878659791108;3483,3388518746606;3472,0
70;2020-05-01;114676,0;24818,0;10826,0;116497,0;244848,0;281,0;2626,0;81,0;710,0;3195,0;70 days 00:00:00.000000000;70;3288,0;3088,4;3162,0;3446,4545454545455;3147,5;3176,5;3250,0;3052,88;2205,785714285714;2950,5;2377,0;2827,56;3076,75;3011,619047619047;3037,3012048192772;3013,9822419533857;3161,9999408954013;3017,0308890117653;3197,069373106453;3205,823535364671;3203,8422337295497;3109,4130892417384;3154,380758667264;3109,4130892417384;3068,692179918349;3191,2933549031222;3197,0
71;2020-05-02;117248,0;25097,0;10876,0;117021,0;247516,0;279,0;2572,0;50,0;524,0;2668,0;71 days 00:00:00.000000000;71;3020,0;3105,2;2987,5714285714284;3355,6363636363635;3024,0;2951,1428571428573;2878,6129032258063;3122,68;2052,25;2809,75;2446,032258064516;2412,36;3093,125;3223,6507936507933;3153,084337349397;3212,5382907880135;2987,5714857715993;3182,5605379397757;2716,09721573695;2847,2745117882237;2921,8200054508397;3179,4311426284216;3152,717364004609;3179,4311426284216;3163,267348824388;3194,958538351037;3195,0
72;2020-05-03;118902,0;25260,0;10940,0;117550,0;249050,0;163,0;1654,0;64,0;529,0;1534,0;72 days 00:00:00.000000000;72;2465,6666666666665;2813,2;2806,285714285714;3149,181818181818;2660,6071428571427;2951,964285714286;2591,4193548387098;3072,72;2192,25;2532,3214285714284;2632,5806451612902;2027,12;3014,4375;3227,488095238095;3137,123493975903;3215,6448390677024;2806,2858509454977;3190,4163782111154;1641,4633832488137;1971,7581705960747;2191,388423634608;2616,4215748063957;2629,6284290174044;2616,4215748063957;2668,9317215039327;2657,062323579798;2668,0
73;2020-05-04;121353,0;25424,0;10961,0;117927,0;250037,0;164,0;2451,0;21,0;377,0;987,0;73 days 00:00:00.000000000;73;1729,6666666666667;2316,2;2578,1428571428573;2804,5454545454545;2205,785714285714;2950,5;2377,0;2827,56;2336,6785714285716;2314,464285714286;2668,4193548387098;1900,44;2773,0;2992,353174603174;2885,9608433734934;2976,765815760267;2578,142974433452;2938,013291386225;1046,4966712044377;1315,252723532025;1557,4997796163934;1500,429527566263;1508,6308446005326;1500,429527566263;1490,9628410749383;1495,9811668407979;1534,0
74;2020-05-05;123486,0;25610,0;10998,0;118619,0;252001,0;186,0;2133,0;37,0;692,0;1964,0;74 days 00:00:00.000000000;74;1495,0;2069,6;2431,0;2662,4545454545455;2052,25;2809,75;2446,032258064516;2412,36;2508,285714285714;2090,5714285714284;2452,516129032258;2109,6;2416,4375;2456,821428571428;2422,0632530120474;2448,9445061043284;2430,9999739989107;2423,063339999611;1880,5906064731305;1747,7509078440082;1771,4472640288182;1020,8290797590879;970,095642264643;1020,8290797590879;1056,213360819477;962,0274364658242;987,0
75;2020-05-06;126002,0;25854,0;11049,0;119448,0;254992,0;244,0;2516,0;51,0;829,0;2991,0;75 days 00:00:00.000000000;75;1980,6666666666667;2028,8;2362,285714285714;2580,818181818182;2192,25;2532,3214285714284;2632,5806451612902;2027,12;2616,6785714285716;2000,75;2179,5806451612902;2468,84;2100,4375;1788,6190476190473;1940,5662650602403;1811,5305216426198;2362,2855592537603;1869,4027713320472;2890,0536914975573;2576,5836359480027;2413,3171250662826;2031,3207969927162;1931,7799490487544;2031,3207969927162;2100,737345241861;1997,4232992855948;1964,0
76;2020-05-07;128511,0;26062,0;11104,0;119958,0;257932,0;208,0;2509,0;55,0;510,0;2940,0;76 days 00:00:00.000000000;76;2631,6666666666665;2083,2;2325,5714285714284;2593,2727272727275;2336,6785714285716;2314,464285714286;2668,4193548387098;1900,44;2470,5;2201,214285714286;2045,516129032258;2695,88;1993,4375;1558,0992063492063;1784,8042168674697;1594,2852386237516;2325,571246720589;1690,845019064472;2935,459426499778;2818,861211982667;2690,518638189292;2911,567375842191;2946,496265110166;2911,567375842191;2933,2437340881547;3046,5378861551735;2991,0
77;2020-05-08;131148,0;26291,0;11186,0;120692,0;260944,0;229,0;2637,0;82,0;734,0;3012,0;77 days 00:00:00.000000000;77;2981,0;2378,8;2299,4285714285716;2632,181818181818;2508,285714285714;2090,5714285714284;2452,516129032258;2109,6;2718,535714285714;2622,035714285714;2601,6129032258063;2755,44;2151,125;2004,6666666666667;2068,7951807228915;2012,9877913429525;2299,428474974704;2031,0375713112312;3005,041766045434;2947,620403994222;2859,7193549317703;2785,656959912822;2896,2134715744555;2785,656959912822;2674,1954132037527;2937,3536570611136;2940,0
78;2020-05-09;133952,0;26469,0;11222,0;121156,0;263677,0;178,0;2804,0;36,0;464,0;2733,0;78 days 00:00:00.000000000;78;2895,0;2728,0;2308,714285714286;2608,4545454545455;2616,6785714285716;2000,75;2179,5806451612902;2468,84;2431,714285714286;2782,8571428571427;2576,7419354838707;2645,16;2433,8125;2619,2023809523807;2514,4969879518067;2601,5371809101002;2308,7143455470573;2551,9422566336075;2757,731069640494;2804,540134664741;2793,02495759926;2980,757423925862;2967,883738254368;2980,757423925862;2910,732920633222;3015,7307569355107;3012,0
79;2020-05-10;136166,0;26613,0;11249,0;121604,0;265401,0;144,0;2214,0;27,0;448,0;1724,0;79 days 00:00:00.000000000;79;2489,6666666666665;2680,0;2335,8571428571427;2449,5454545454545;2470,5;2201,214285714286;2045,516129032258;2695,88;2154,8928571428573;2633,6785714285716;2376,1935483870966;2416,72;2617,125;2909,722222222222;2781,704819277108;2892,5072142064378;2335,8573244951244;2854,2788814136684;1817,9755517854994;2084,1800448882473;2230,3802430733335;2668,530293421779;2691,5789969001326;2668,530293421779;2709,1381403833;2718,6563155727044;2733,0
80;2020-05-11;137138,0;26737,0;11264,0;121849,0;268729,0;124,0;972,0;15,0;245,0;3328,0;80 days 00:00:00.000000000;80;2595,0;2747,4;2670,285714285714;2461,4545454545455;2718,535714285714;2622,035714285714;2601,6129032258063;2755,44;1854,0714285714287;2434,785714285714;2053,3870967741937;2257,32;2736,8125;2856,7222222222217;2790,72891566265;2845,048834628191;2670,285743490741;2812,102001200684;3190,725050162318;2913,3933482960824;2808,0748519821054;1651,9151072892998;1694,6085520959593;1651,9151072892998;1657,3937467308226;1666,5268204575063;1724,0
81;2020-05-12;138980,0;26909,0;11286,0;122347,0;270252,0;172,0;1842,0;22,0;498,0;1523,0;81 days 00:00:00.000000000;81;2191,6666666666665;2464,0;2607,285714285714;2309,4545454545455;2431,714285714286;2782,8571428571427;2576,7419354838707;2645,16;1783,2142857142858;2176,785714285714;2023,8709677419354;1925,6;2636,875;2591,873015873015;2615,6385542168673;2598,2763596004443;2607,2857430762356;2618,046124649488;1674,6113681965742;1986,4644494320273;2131,7196667283656;3456,510459055459;3277,955664403978;3456,510459055459;3467,4347334377717;3366,652216803392;3328,0
82;2020-05-13;140823,0;27091,0;11311,0;122736,0;271752,0;182,0;1843,0;25,0;389,0;1500,0;82 days 00:00:00.000000000;82;2117,0;2161,6;2394,285714285714;2203,2727272727275;2154,8928571428573;2633,6785714285716;2376,1935483870966;2416,72;1837,2142857142858;1969,357142857143;2033,1290322580646;1742,28;2411,8125;2433,3253968253966;2455,427710843373;2438,0743618202;2394,285746537825;2458,0928124814827;1515,873760745143;1662,1548164773424;1799,2356316081734;1420,3054842335603;1493,7954730646584;1420,3054842335603;1552,7133945228256;1579,1041680262442;1587,9481365860263
83;2020-05-14;143374,0;27308,0;11327,0;123053,0;272943,0;217,0;2551,0;16,0;317,0;1191,0;83 days 00:00:00.000000000;83;1404,6666666666667;1853,2;2144,4285714285716;2172,090909090909;1854,0714285714287;2434,785714285714;2053,3870967741937;2257,32;1616,392857142857;1989,0357142857142;1945,3225806451612;1625,88;2232,625;2350,7539682539677;2252,006024096385;2333,5993340732516;2144,4285942593524;2279,583348555687;1220,5339782495585;1348,0516054924474;1479,1116149722927;1595,3751901807284;1471,2465399156854;1595,3751901807284;1446,6898099198681;1500,6571707626933;1502,8115263848745
84;2020-05-15;144783,0;27449,0;11353,0;123343,0;274804,0;141,0;1409,0;26,0;290,0;1861,0;84 days 00:00:00.000000000;84;1517,3333333333333;1880,6;1980,0;2251,5454545454545;1783,2142857142858;2176,785714285714;2023,8709677419354;1925,6;1297,7142857142858;1507,7142857142858;1257,3870967741937;1582,92;1937,5;1961,742063492063;1961,3644578313251;1959,6348501664816;1979,9999731811245;1954,20551951188;1802,7758162045052;1690,0172018308158;1680,105501828981;1177,259683048448;1167,8161531901353;1177,259683048448;1373,5358828247345;1199,790635222434;1201,324956868946
85;2020-05-16;146857,0;27549,0;11364,0;123578,0;277000,0;100,0;2074,0;11,0;235,0;2196,0;85 days 00:00:00.000000000;85;1749,3333333333333;1654,2;1903,2857142857142;2272,6363636363635;1837,2142857142858;1969,357142857143;2033,1290322580646;1742,28;1063,0357142857142;1439,8214285714287;1070,3870967741937;1475,92;1777,5;1541,424603174603;1660,2319277108431;1562,4506104328525;1903,2856531422415;1619,870051529459;2160,2523469276825;2027,3390672769385;1951,6289219189912;1828,8562269827307;1825,858049657629;1828,8562269827307;1803,2125336500446;1839,5352511174672;1836,337291363153
86;2020-05-17;149579,0;27634,0;11378,0;123835,0;278020,0;85,0;2722,0;14,0;257,0;1020,0;86 days 00:00:00.000000000;86;1692,3333333333333;1553,6;1802,7142857142858;2093,4545454545455;1616,392857142857;1989,0357142857142;1945,3225806451612;1625,88;912,6785714285714;1347,3214285714287;1087,225806451613;1183,04;1664,5625;1504,7222222222222;1590,271084337349;1517,8002219755829;1802,714208495176;1552,5427590142972;1123,659304266153;1355,7796890923128;1461,2979103826801;2114,1249284302903;2155,596804558542;2114,1249284302903;2150,3161203157088;2186,6612187023184;2184,359116543932
87;2020-05-18;150376,0;27693,0;11391,0;123991,0;278548,0;59,0;797,0;13,0;156,0;528,0;87 days 00:00:00.000000000;87;1248,0;1359,2;1402,7142857142858;1874,1818181818182;1297,7142857142858;1507,7142857142858;1257,3870967741937;1582,92;743,9285714285714;1305,7857142857142;1142,6451612903227;878,8;1543,5;1715,2420634920632;1630,8042168674694;1702,3374028856826;1402,7143680529566;1669,3963134911507;582,1508458423775;803,9265630307709;970,0884838654802;1010,1545545334212;999,4492264038109;1010,1545545334212;942,9412720617594;1060,773745832994;1068,7874361253955
88;2020-05-19;150376,0;27793,0;11403,0;124421,0;279012,0;100,0;0,0;12,0;430,0;464,0;88 days 00:00:00.000000000;88;670,6666666666666;1213,8;1251,4285714285713;1642,5454545454545;1063,0357142857142;1439,8214285714287;1070,3870967741937;1475,92;487,7142857142857;1030,2857142857142;862,741935483871;630,36;1426,8125;1680,3571428571427;1537,4638554216865;1656,4317425083239;1251,4286566463004;1589,4710706354174;474,74098598567065;577,3088543435903;703,7261239362801;610,0866401727908;517,1839794754663;610,0866401727908;585,4521781767041;539,8276791524241;543,2991650511194
89;2020-05-20;150376,0;27892,0;11434,0;124381,0;279662,0;99,0;0,0;31,0;-40,0;650,0;89 days 00:00:00.000000000;89;547,3333333333334;971,6;1130,0;1453,1818181818182;912,6785714285714;1347,3214285714287;1087,225806451613;1183,04;297,9642857142857;592,6071428571429;425,38709677419354;469,96;1171,4375;1205,7023809523805;1200,454819277108;1205,9311875693675;1130,0000341341376;1209,9275117703592;634,0673623623337;625,7696181145301;675,4492166013958;489,72236192288744;454,4858809578711;489,72236192288744;635,1900750920737;465,49822700322295;466,22004868507383
90;2020-05-21;150376,0;27940,0;11454,0;124521,0;280117,0;48,0;0,0;20,0;140,0;455,0;90 days 00:00:00.000000000;90;523,0;623,4;1024,857142857143;1337,8181818181818;743,9285714285714;1305,7857142857142;1142,6451612903227;878,8;186,64285714285714;412,5;271,64516129032256;334,2;910,75;727,3412698412696;824,7650602409637;744,0088790233075;1024,8570866651962;789,9589176229755;471,27885112384854;511,9232060381767;559,423313126977;639,2808355839497;636,7133499832065;639,2808355839497;692,0684152735789;645,6084302384502;644,7565800951927
91;2020-05-22;150376,0;28628,0;11462,0;124642,0;280117,0;688,0;0,0;8,0;121,0;0,0;91 days 00:00:00.000000000;91;368,3333333333333;419,4;759,0;1035,2727272727273;487,7142857142857;1030,2857142857142;862,741935483871;630,36;;;;;658,5;554,7182539682539;603,6114457831325;561,4739178690345;758,9999373778018;577,5008944392044;42,84353192034988;170,64106867939225;264,98999042856803;436,7992060349329;445,6616990788019;436,7992060349329;441,5646676553275;459,7211697076583;460,54581763900285
92;2020-05-23;150376,0;28678,0;11474,0;124757,0;280117,0;50,0;0,0;12,0;115,0;0,0;92 days 00:00:00.000000000;92;151,66666666666666;313,8;445,2857142857143;896,8181818181819;297,9642857142857;592,6071428571429;425,38709677419354;469,96;;;;;464,5625;514,924603174603;482,80421686746973;508,811320754717;445,2857171647702;490,4245872154783;3,894866538213627;56,88035622646408;125,52157441353224;20,58131173480862;0,0;20,58131173480862;2,5014542634854733;10,327034493062321;12,650708193261346
93;2020-05-24;150376,0;28752,0;11477,0;124845,0;280117,0;74,0;0,0;3,0;88,0;0,0;93 days 00:00:00.000000000;93;0,0;221,0;299,57142857142856;760,4545454545455;186,64285714285714;412,5;271,64516129032256;334,2;;;;;326,625;366,9920634920634;343,8493975903613;363,0710321864595;299,5714412303;351,99016343813526;0,35407877620123895;18,960118742154695;59,45758788009422;32,01192072772209;0,0;32,01192072772209;58,52761252672192;-3,474774477219607e-15;0,3446694677513599
